<?xml version='1.0' encoding='UTF-8' standalone='no'?>
<section xmlns="http://docbook.org/ns/docbook" version="5.0" xmlns:xlink="http://www.w3.org/1999/xlink" xml:id="_r_f24_g_8cpp">
    <title>RF24G.cpp File Reference</title>
    <programlisting>#include &lt;RF24.h&gt;</programlisting>
    <programlisting>#include &quot;RF24G.h&quot;</programlisting>
    <simplesect>
        <title>Detailed Description</title>
    <para>Definition in file C:/Users/Caio/Documents/Arduino/libraries/RF24G/RF24G.cpp</para>
    </simplesect>
</section>
